Private Entity,External URI,Confidence
http://www.example.org/football/Leeds_United_FC,http://www.wikidata.org/entity/Q1128631,93.75
http://www.example.org/football/Joe_Rodon,http://www.wikidata.org/entity/Q47658470,100.0
http://www.example.org/football/Alex_Cairns,http://www.wikidata.org/entity/Q4716779,100.0
http://www.example.org/football/Sam_Byram,http://www.wikidata.org/entity/Q5591335,100.0
http://www.example.org/football/Anton_Stach,http://www.wikidata.org/entity/Q66712655,100.0
http://www.example.org/football/Illan_Meslier,http://www.wikidata.org/entity/Q56249966,100.0
http://www.example.org/football/Ethan_Ampadu,http://www.wikidata.org/entity/Q26250324,100.0
http://www.example.org/football/Dominic_Calvert-Lewin,http://www.wikidata.org/entity/Q19956709,100.0
http://www.example.org/football/Karl_Darlow,http://www.wikidata.org/entity/Q1730695,100.0
http://www.example.org/football/Sean_Longstaff,http://www.wikidata.org/entity/Q28542599,100.0
http://www.example.org/football/Jaka_Bijol,http://www.wikidata.org/entity/Q47088780,100.0
http://www.example.org/football/Pascal_Struijk,http://www.wikidata.org/entity/Q78218410,100.0
http://www.example.org/football/Sam_Chambers,http://www.wikidata.org/entity/Q130897055,100.0
http://www.example.org/football/Daniel_James,http://www.wikidata.org/entity/Q444366,40.0
http://www.example.org/football/Ilia_Gruev,http://www.wikidata.org/entity/Q711289,95.24
http://www.example.org/football/Jayden_Bogle,http://www.wikidata.org/entity/Q56223640,100.0
http://www.example.org/football/Ao_Tanaka,http://www.wikidata.org/entity/Q27920148,100.0
http://www.example.org/football/Joël_Piroe,http://www.wikidata.org/entity/Q28532244,100.0
http://www.example.org/football/Lukas_Nmecha,http://www.wikidata.org/entity/Q39082413,100.0
http://www.example.org/football/Facundo_Buonanotte,http://www.wikidata.org/entity/Q113028093,100.0
http://www.example.org/football/James_Justin,http://www.wikidata.org/entity/Q1680654,70.59
http://www.example.org/football/Noah_Okafor,http://www.wikidata.org/entity/Q55286732,100.0
http://www.example.org/football/Lucas_Perri,http://www.wikidata.org/entity/Q23893097,73.33
http://www.example.org/football/Wilfried_Gnonto,http://www.wikidata.org/entity/Q100792975,100.0
http://www.example.org/football/Gabriel_Gudmundsson,http://www.wikidata.org/entity/Q29318963,100.0
http://www.example.org/football/Brenden_Aaronson,http://www.wikidata.org/entity/Q33129609,100.0
http://www.example.org/football/Sebastiaan_Bornauw,http://www.wikidata.org/entity/Q55806994,100.0
http://www.example.org/football/Crystal_Palace_FC,http://www.wikidata.org/entity/Q19467,94.44
http://www.example.org/football/Jean-Philippe_Mateta,http://www.wikidata.org/entity/Q26964668,100.0
http://www.example.org/football/Jefferson_Lerma,http://www.wikidata.org/entity/Q16300824,100.0
http://www.example.org/football/Eddie_Nketiah,http://www.wikidata.org/entity/Q41259115,100.0
http://www.example.org/football/Adam_Wharton,http://www.wikidata.org/entity/Q113488911,100.0
http://www.example.org/football/Daniel_Muñoz,http://www.wikidata.org/entity/Q56703599,100.0
http://www.example.org/football/Brennan_Johnson,http://www.wikidata.org/entity/Q66108160,100.0
http://www.example.org/football/Maxence_Lacroix,http://www.wikidata.org/entity/Q60286976,100.0
http://www.example.org/football/Tyrick_Mitchell,http://www.wikidata.org/entity/Q96943831,100.0
http://www.example.org/football/Nathaniel_Clyne,http://www.wikidata.org/entity/Q714067,100.0
http://www.example.org/football/Dean_Henderson,http://www.wikidata.org/entity/Q28059260,100.0
http://www.example.org/football/Borna_Sosa,http://www.wikidata.org/entity/Q20093885,100.0
http://www.example.org/football/Rio_Cardines,http://www.wikidata.org/entity/Q134607428,100.0
http://www.example.org/football/Yeremy,http://www.wikidata.org/entity/Q20510653,60.0
http://www.example.org/football/Daichi_Kamada,http://www.wikidata.org/entity/Q20039495,100.0
http://www.example.org/football/Remi_Matthews,http://www.wikidata.org/entity/Q21061926,100.0
http://www.example.org/football/Chadi_Riad,http://www.wikidata.org/entity/Q104784108,100.0
http://www.example.org/football/Chrisantus,http://www.wikidata.org/entity/Q1882546,68.97
http://www.example.org/football/Jaydee_Canvot,http://www.wikidata.org/entity/Q129404148,100.0
http://www.example.org/football/Zach_Marsh,http://www.wikidata.org/entity/Q42430622,86.96
http://www.example.org/football/George_King,http://www.wikidata.org/entity/Q548244,70.97
http://www.example.org/football/Jørgen_Strand_Larsen,http://www.wikidata.org/entity/Q28933132,100.0
http://www.example.org/football/Evann_Guessand,http://www.wikidata.org/entity/Q98593672,100.0
http://www.example.org/football/Ismaïla_Sarr,http://www.wikidata.org/entity/Q26924482,100.0
http://www.example.org/football/Joel_Drakes-Thomas,http://www.wikidata.org/entity/Q137363014,94.44
http://www.example.org/football/Justin_Devenny,http://www.wikidata.org/entity/Q122089959,100.0
http://www.example.org/football/Walter_Benítez,http://www.wikidata.org/entity/Q4120760,80.0
http://www.example.org/football/Cheick_Doucouré,http://www.wikidata.org/entity/Q47490408,100.0
http://www.example.org/football/Benjamin_Casey,http://www.wikidata.org/entity/Q137366787,78.26
http://www.example.org/football/Kaden_Rodney,http://www.wikidata.org/entity/Q113586426,100.0
http://www.example.org/football/Chris_Richards,http://www.wikidata.org/entity/Q5107860,100.0
http://www.example.org/football/Dean_Benamar,http://www.wikidata.org/entity/Q137452927,100.0
http://www.example.org/football/Will_Hughes,http://www.wikidata.org/entity/Q133920,100.0
http://www.example.org/football/Caleb_Kporha,http://www.wikidata.org/entity/Q131109014,100.0
http://www.example.org/football/Burnley_FC,http://www.wikidata.org/entity/Q19458,90.91
http://www.example.org/football/Hjalmar_Ekdal,http://www.wikidata.org/entity/Q56641379,100.0
http://www.example.org/football/Martin_Dúbravka,http://www.wikidata.org/entity/Q510401,100.0
http://www.example.org/football/Ashley_Barnes,http://www.wikidata.org/entity/Q725747,100.0
http://www.example.org/football/Armando_Broja,http://www.wikidata.org/entity/Q87347516,100.0
http://www.example.org/football/Kyle_Walker,http://www.wikidata.org/entity/Q59108,100.0
http://www.example.org/football/Quilindschy_Hartman,http://www.wikidata.org/entity/Q113572844,100.0
http://www.example.org/football/Ellis_Clark,http://www.wikidata.org/entity/Q1332443,95.65
http://www.example.org/football/Joe_Worrall,http://www.wikidata.org/entity/Q821853,100.0
http://www.example.org/football/Enock_Agyei,http://www.wikidata.org/entity/Q113516873,100.0
http://www.example.org/football/Florentino,http://www.wikidata.org/entity/Q5664,27.27
http://www.example.org/football/Hannibal_Mejbri,http://www.wikidata.org/entity/Q96755704,100.0
http://www.example.org/football/Oliver_Pimlott,http://www.wikidata.org/entity/Q136295901,100.0
http://www.example.org/football/Murray_Campbell,http://www.wikidata.org/entity/Q3328184,100.0
http://www.example.org/football/Zian_Flemming,http://www.wikidata.org/entity/Q40451970,100.0
http://www.example.org/football/James_Ward-Prowse,http://www.wikidata.org/entity/Q2643777,100.0
http://www.example.org/football/Chimuanya_Ugochukwu,http://www.wikidata.org/entity/Q106366721,62.86
http://www.example.org/football/Václav_Hladký,http://www.wikidata.org/entity/Q7944114,100.0
http://www.example.org/football/Connor_Roberts,http://www.wikidata.org/entity/Q5162046,93.33
http://www.example.org/football/Max_Weiss,http://www.wikidata.org/entity/Q876168,100.0
http://www.example.org/football/Josh_Cullen,http://www.wikidata.org/entity/Q20807270,100.0
http://www.example.org/football/Josh_Laurent,http://www.wikidata.org/entity/Q20876201,100.0
http://www.example.org/football/Maxime_Estève,http://www.wikidata.org/entity/Q108000822,100.0
http://www.example.org/football/Loum_Tchaouna,http://www.wikidata.org/entity/Q108703725,100.0
http://www.example.org/football/Marley_Leuluai,http://www.wikidata.org/entity/Q123401309,100.0
http://www.example.org/football/Axel_Tuanzebe,http://www.wikidata.org/entity/Q27019988,100.0
http://www.example.org/football/Jacob_Bruun_Larsen,http://www.wikidata.org/entity/Q26221634,100.0
http://www.example.org/football/Jaidon_Anthony,http://www.wikidata.org/entity/Q103417114,100.0
http://www.example.org/football/Lucas_Pires,http://www.wikidata.org/entity/Q3081880,68.75
http://www.example.org/football/Marcus_Edwards,http://www.wikidata.org/entity/Q26972992,100.0
http://www.example.org/football/Zeki_Amdouni,http://www.wikidata.org/entity/Q106882153,100.0
http://www.example.org/football/Lyle_Foster,http://www.wikidata.org/entity/Q42725482,100.0
http://www.example.org/football/Louis_Beyer,http://www.wikidata.org/entity/Q55771650,84.62
http://www.example.org/football/Bashir_Humphreys,http://www.wikidata.org/entity/Q116137865,100.0
http://www.example.org/football/Mike_Trésor,http://www.wikidata.org/entity/Q56706957,62.86
http://www.example.org/football/Everton_FC,http://www.wikidata.org/entity/Q5794,90.91
http://www.example.org/football/Jarrad_Branthwaite,http://www.wikidata.org/entity/Q70780349,100.0
http://www.example.org/football/Thierno_Barry,http://www.wikidata.org/entity/Q116860945,100.0
http://www.example.org/football/Vitalii_Mykolenko,http://www.wikidata.org/entity/Q37875995,94.12
http://www.example.org/football/Kiernan_Dewsbury_Hall,http://www.wikidata.org/entity/Q83632882,100.0
http://www.example.org/football/Jack_Grealish,http://www.wikidata.org/entity/Q16056053,100.0
http://www.example.org/football/Jordan_Pickford,http://www.wikidata.org/entity/Q13014035,100.0
http://www.example.org/football/Michael_Keane,http://www.wikidata.org/entity/Q80712,100.0
http://www.example.org/football/Séamus_Coleman,http://www.wikidata.org/entity/Q316724,100.0
http://www.example.org/football/Dwight_McNeil,http://www.wikidata.org/entity/Q53652291,100.0
http://www.example.org/football/Tyler_Dibling,http://www.wikidata.org/entity/Q115973966,100.0
http://www.example.org/football/Tyrique_George,http://www.wikidata.org/entity/Q123002942,100.0
http://www.example.org/football/Tim_Iroegbunam,http://www.wikidata.org/entity/Q111027477,100.0
http://www.example.org/football/Adam_Aznou,http://www.wikidata.org/entity/Q117288501,100.0
http://www.example.org/football/Iliman_Ndiaye,http://www.wikidata.org/entity/Q105956269,100.0
http://www.example.org/football/Harrison_Armstrong,http://www.wikidata.org/entity/Q66685938,8.7
http://www.example.org/football/Nathan_Patterson,http://www.wikidata.org/entity/Q66094688,100.0
http://www.example.org/football/Idrissa_Gana_Guèye,http://www.wikidata.org/entity/Q46679,77.42
http://www.example.org/football/James_Tarkowski,http://www.wikidata.org/entity/Q6144020,100.0
http://www.example.org/football/Merlin_Röhl,http://www.wikidata.org/entity/Q99752352,100.0
http://www.example.org/football/Beto,http://www.wikidata.org/entity/Q180866,30.77
http://www.example.org/football/Mark_Travers,http://www.wikidata.org/entity/Q59913688,100.0
http://www.example.org/football/Thomas_King,http://www.wikidata.org/entity/Q348827,95.65
http://www.example.org/football/Jake_O'Brien,http://www.wikidata.org/entity/Q6124895,100.0
http://www.example.org/football/Carlos_Alcaraz,http://www.wikidata.org/entity/Q55457954,100.0
http://www.example.org/football/Reece_Welch,http://www.wikidata.org/entity/Q111088405,100.0
http://www.example.org/football/James_Garner,http://www.wikidata.org/entity/Q108510,100.0
http://www.example.org/football/Newcastle_United_FC,http://www.wikidata.org/entity/Q18716,95.0
http://www.example.org/football/Aaron_Ramsdale,http://www.wikidata.org/entity/Q27967807,100.0
http://www.example.org/football/Mark_Gillespie,http://www.wikidata.org/entity/Q6767750,100.0
http://www.example.org/football/Malick_Thiaw,http://www.wikidata.org/entity/Q87268125,100.0
http://www.example.org/football/Emil_Krafth,http://www.wikidata.org/entity/Q5371332,100.0
http://www.example.org/football/Bruno_Guimarães,http://www.wikidata.org/entity/Q58323172,100.0
http://www.example.org/football/Nick_Pope,http://www.wikidata.org/entity/Q15999945,100.0
http://www.example.org/football/John_Ruddy,http://www.wikidata.org/entity/Q247312,100.0
http://www.example.org/football/Nick_Woltemade,http://www.wikidata.org/entity/Q84158344,92.86
http://www.example.org/football/Lewis_Hall,http://www.wikidata.org/entity/Q110487162,100.0
http://www.example.org/football/Sandro_Tonali,http://www.wikidata.org/entity/Q43402334,100.0
http://www.example.org/football/Sean_Neave,http://www.wikidata.org/entity/Q132177951,100.0
http://www.example.org/football/Yoane_Wissa,http://www.wikidata.org/entity/Q28101965,100.0
http://www.example.org/football/Kieran_Trippier,http://www.wikidata.org/entity/Q1083432,100.0
http://www.example.org/football/William_Osula,http://www.wikidata.org/entity/Q111464601,100.0
http://www.example.org/football/Anthony_Elanga,http://www.wikidata.org/entity/Q106805131,100.0
http://www.example.org/football/Fabian_Schär,http://www.wikidata.org/entity/Q673691,100.0
http://www.example.org/football/Dan_Burn,http://www.wikidata.org/entity/Q5213217,100.0
http://www.example.org/football/Joe_Willock,http://www.wikidata.org/entity/Q40471152,100.0
http://www.example.org/football/Anthony_Gordon,http://www.wikidata.org/entity/Q45179405,100.0
http://www.example.org/football/Jacob_Murphy,http://www.wikidata.org/entity/Q15622117,100.0
http://www.example.org/football/Harvey_Barnes,http://www.wikidata.org/entity/Q27974879,100.0
http://www.example.org/football/Jacob_Ramsey,http://www.wikidata.org/entity/Q63228677,100.0
http://www.example.org/football/Joelinton,http://www.wikidata.org/entity/Q20047360,100.0
http://www.example.org/football/Lewis_Miley,http://www.wikidata.org/entity/Q118780753,100.0
http://www.example.org/football/Valentino_Livramento,http://www.wikidata.org/entity/Q107930811,85.71
http://www.example.org/football/Sven_Botman,http://www.wikidata.org/entity/Q56183905,75.86
http://www.example.org/football/Seung-soo_Park,http://www.wikidata.org/entity/Q130539360,64.29
http://www.example.org/football/Adam_Harrison,http://www.wikidata.org/entity/Q4679194,100.0
http://www.example.org/football/Aidan_Harris,http://www.wikidata.org/entity/Q17151780,75.0
http://www.example.org/football/Leo_Shahar,http://www.wikidata.org/entity/Q119522327,100.0
http://www.example.org/football/Alex_Murphy,http://www.wikidata.org/entity/Q2832995,100.0
http://www.example.org/football/Sam_Alabi,http://www.wikidata.org/entity/Q137011789,100.0
http://www.example.org/football/Fulham_FC,http://www.wikidata.org/entity/Q18708,90.0
http://www.example.org/football/Jorge_Cuenca,http://www.wikidata.org/entity/Q28972640,100.0
http://www.example.org/football/Alex_Iwobi,http://www.wikidata.org/entity/Q21091691,100.0
http://www.example.org/football/Bernd_Leno,http://www.wikidata.org/entity/Q309966,100.0
http://www.example.org/football/Sander_Berge,http://www.wikidata.org/entity/Q20675980,100.0
http://www.example.org/football/Issa_Diop,http://www.wikidata.org/entity/Q21621180,100.0
http://www.example.org/football/Saša_Lukić,http://www.wikidata.org/entity/Q19594166,100.0
http://www.example.org/football/Harrison_Reed,http://www.wikidata.org/entity/Q15054978,100.0
http://www.example.org/football/Tom_Cairney,http://www.wikidata.org/entity/Q1061904,100.0
http://www.example.org/football/Calvin_Bassey,http://www.wikidata.org/entity/Q97059010,100.0
http://www.example.org/football/Raúl_Jiménez,http://www.wikidata.org/entity/Q1925465,100.0
http://www.example.org/football/Timothy_Castagne,http://www.wikidata.org/entity/Q18041089,100.0
http://www.example.org/football/Rodrigo_Muniz,http://www.wikidata.org/entity/Q30612558,84.62
http://www.example.org/football/Kevin_Santos,http://www.wikidata.org/entity/Q6397435,100.0
http://www.example.org/football/Benjamin_Lecomte,http://www.wikidata.org/entity/Q2070900,100.0
http://www.example.org/football/Joshua_King,http://www.wikidata.org/entity/Q27512,9.09
http://www.example.org/football/Oscar_Bobb,http://www.wikidata.org/entity/Q110466658,100.0
http://www.example.org/football/Jonah_Kusi-Asare,http://www.wikidata.org/entity/Q122227001,100.0
http://www.example.org/football/Ryan_Sessegnon,http://www.wikidata.org/entity/Q26250297,100.0
http://www.example.org/football/Seth_Ridgeon,http://www.wikidata.org/entity/Q137367464,100.0
http://www.example.org/football/Joachim_Andersen,http://www.wikidata.org/entity/Q785596,100.0
http://www.example.org/football/Harry_Wilson,http://www.wikidata.org/entity/Q2476368,100.0
http://www.example.org/football/Samuel_Chukwueze,http://www.wikidata.org/entity/Q57017297,100.0
http://www.example.org/football/Antonee_Robinson,http://www.wikidata.org/entity/Q35778151,100.0
http://www.example.org/football/Emile_Smith_Rowe,http://www.wikidata.org/entity/Q55820249,100.0
http://www.example.org/football/Kenny_Tete,http://www.wikidata.org/entity/Q14495103,100.0
http://www.example.org/football/Liverpool_FC,http://www.wikidata.org/entity/Q1130849,92.31
http://www.example.org/football/Hugo_Ekitike,http://www.wikidata.org/entity/Q100602910,100.0
http://www.example.org/football/Kaide_Gordon,http://www.wikidata.org/entity/Q104554107,100.0
http://www.example.org/football/Virgil_van_Dijk,http://www.wikidata.org/entity/Q133903,100.0
http://www.example.org/football/Giorgi_Mamardashvili,http://www.wikidata.org/entity/Q99529077,100.0
http://www.example.org/football/Alexis_Mac_Allister,http://www.wikidata.org/entity/Q33297140,100.0
http://www.example.org/football/Giovanni_Leoni,http://www.wikidata.org/entity/Q126361834,100.0
http://www.example.org/football/Trey_Nyoni,http://www.wikidata.org/entity/Q123367931,100.0
http://www.example.org/football/Rio_Ngumoha,http://www.wikidata.org/entity/Q131466230,100.0
http://www.example.org/football/Conor_Bradley,http://www.wikidata.org/entity/Q107031318,100.0
http://www.example.org/football/Rhys_Williams,http://www.wikidata.org/entity/Q99893479,100.0
http://www.example.org/football/Federico_Chiesa,http://www.wikidata.org/entity/Q26704703,100.0
http://www.example.org/football/Jeremie_Frimpong,http://www.wikidata.org/entity/Q67198835,100.0
http://www.example.org/football/Ryan_Gravenberch,http://www.wikidata.org/entity/Q56257870,100.0
http://www.example.org/football/Dominik_Szoboszlai,http://www.wikidata.org/entity/Q30134278,100.0
http://www.example.org/football/Milos_Kerkez,http://www.wikidata.org/entity/Q110874376,100.0
http://www.example.org/football/Florian_Wirtz,http://www.wikidata.org/entity/Q94699949,100.0
http://www.example.org/football/Ibrahima_Konaté,http://www.wikidata.org/entity/Q30301454,100.0
http://www.example.org/football/Alexander_Isak,http://www.wikidata.org/entity/Q23759917,100.0
http://www.example.org/football/Cody_Gakpo,http://www.wikidata.org/entity/Q28801927,100.0
http://www.example.org/football/Curtis_Jones,http://www.wikidata.org/entity/Q59913917,100.0
http://www.example.org/football/Joe_Gomez,http://www.wikidata.org/entity/Q17505113,100.0
http://www.example.org/football/Calvin_Ramsay,http://www.wikidata.org/entity/Q106485947,100.0
http://www.example.org/football/Mohamed_Salah,http://www.wikidata.org/entity/Q1354960,100.0
http://www.example.org/football/Jayden_Danns,http://www.wikidata.org/entity/Q118724922,100.0
http://www.example.org/football/Wataru_Endō,http://www.wikidata.org/entity/Q10526787,100.0
http://www.example.org/football/Tommy_Pilling,http://www.wikidata.org/entity/Q115879200,100.0
http://www.example.org/football/Amara_Nallo,http://www.wikidata.org/entity/Q124691152,100.0
http://www.example.org/football/Armin_Pecsi,http://www.wikidata.org/entity/Q131721965,81.82
http://www.example.org/football/Wellity_Lucky,http://www.wikidata.org/entity/Q118727330,76.47
http://www.example.org/football/Alisson,http://www.wikidata.org/entity/Q4727251,100.0
http://www.example.org/football/Freddie_Woodman,http://www.wikidata.org/entity/Q20127322,100.0
http://www.example.org/football/Keyrol_Figueroa,http://www.wikidata.org/entity/Q116901045,100.0
http://www.example.org/football/Kieran_Morrison,http://www.wikidata.org/entity/Q17466513,100.0
http://www.example.org/football/Andrew_Robertson,http://www.wikidata.org/entity/Q526295,37.04
http://www.example.org/football/Kornel_Miściur,http://www.wikidata.org/entity/Q136654974,100.0
http://www.example.org/football/Michael_Laffey,http://www.wikidata.org/entity/Q16066630,100.0
http://www.example.org/football/Stefan_Bajcetic,http://www.wikidata.org/entity/Q113433814,78.95
http://www.example.org/football/Sunderland_AFC,http://www.wikidata.org/entity/Q18739,90.32
http://www.example.org/football/Granit_Xhaka,http://www.wikidata.org/entity/Q514427,100.0
http://www.example.org/football/Harrison_Jones,http://www.wikidata.org/entity/Q132158391,100.0
http://www.example.org/football/Romaine_Mundle,http://www.wikidata.org/entity/Q121032499,100.0
http://www.example.org/football/Nordi_Mukiele,http://www.wikidata.org/entity/Q20745071,100.0
http://www.example.org/football/Melker_Ellborg,http://www.wikidata.org/entity/Q74222613,100.0
http://www.example.org/football/Wilson_Isidor,http://www.wikidata.org/entity/Q58484930,100.0
http://www.example.org/football/Chris_Rigg,http://www.wikidata.org/entity/Q1077703,95.24
http://www.example.org/football/Bertrand_Traoré,http://www.wikidata.org/entity/Q828627,100.0
http://www.example.org/football/Nilson_Angulo,http://www.wikidata.org/entity/Q109301509,100.0
http://www.example.org/football/Finn_Geragusyan,http://www.wikidata.org/entity/Q137041935,100.0
http://www.example.org/football/Luke_O'Nien,http://www.wikidata.org/entity/Q16236417,100.0
http://www.example.org/football/Trai_Hume,http://www.wikidata.org/entity/Q110425651,100.0
http://www.example.org/football/Habib_Diarra,http://www.wikidata.org/entity/Q108924143,100.0
http://www.example.org/football/Reinildo,http://www.wikidata.org/entity/Q24451748,66.67
http://www.example.org/football/Lutsharel_Geertruida,http://www.wikidata.org/entity/Q42328360,100.0
http://www.example.org/football/Abdoullah_Ba,http://www.wikidata.org/entity/Q26470194,80.0
http://www.example.org/football/Eliezer_Mayenda,http://www.wikidata.org/entity/Q110186586,100.0
http://www.example.org/football/Simon_Moore,http://www.wikidata.org/entity/Q7519372,100.0
http://www.example.org/football/Daniel_Ballard,http://www.wikidata.org/entity/Q56588154,100.0
http://www.example.org/football/Dennis_Cirkin,http://www.wikidata.org/entity/Q108094274,100.0
http://www.example.org/football/Omar_Alderete,http://www.wikidata.org/entity/Q41800131,100.0
http://www.example.org/football/Milan_Aleksić,http://www.wikidata.org/entity/Q422596,66.67
http://www.example.org/football/Brian_Brobbey,http://www.wikidata.org/entity/Q57456997,100.0
http://www.example.org/football/Robin_Roefs,http://www.wikidata.org/entity/Q122789696,100.0
http://www.example.org/football/Ahmed_Abdullahi,http://www.wikidata.org/entity/Q4695707,78.95
http://www.example.org/football/Enzo_Le_Fée,http://www.wikidata.org/entity/Q64009974,100.0
http://www.example.org/football/Noah_Sadiki,http://www.wikidata.org/entity/Q112112992,100.0
http://www.example.org/football/Jack_Whittaker,http://www.wikidata.org/entity/Q1632282,66.67
http://www.example.org/football/Chemsdine_Talbi,http://www.wikidata.org/entity/Q113510254,100.0
http://www.example.org/football/Wolverhampton_Wanderers_FC,http://www.wikidata.org/entity/Q19500,96.3
http://www.example.org/football/Ladislav_Krejčí,http://www.wikidata.org/entity/Q27919903,100.0
http://www.example.org/football/Hwang_Heechan,http://www.wikidata.org/entity/Q18551518,96.3
http://www.example.org/football/Nathan_Fraser,http://www.wikidata.org/entity/Q118250153,100.0
http://www.example.org/football/Hugo_Bueno,http://www.wikidata.org/entity/Q113578056,100.0
http://www.example.org/football/Enso_Gonzalez,http://www.wikidata.org/entity/Q122075105,92.31
http://www.example.org/football/Matt_Doherty,http://www.wikidata.org/entity/Q4167438,100.0
http://www.example.org/football/Adam_Armstrong,http://www.wikidata.org/entity/Q4069666,0.0
http://www.example.org/football/Toti_Gomes,http://www.wikidata.org/entity/Q64747505,100.0
http://www.example.org/football/Daniel_Bentley,http://www.wikidata.org/entity/Q5216541,88.0
http://www.example.org/football/Rodrigo_Gomes,http://www.wikidata.org/entity/Q10363931,62.07
http://www.example.org/football/Jean-Ricner_Bellegarde,http://www.wikidata.org/entity/Q26251607,100.0
http://www.example.org/football/Santiago_Bueno,http://www.wikidata.org/entity/Q25367692,100.0
http://www.example.org/football/Angel_Gomes,http://www.wikidata.org/entity/Q29988852,100.0
http://www.example.org/football/Ethan_Sutherland,http://www.wikidata.org/entity/Q129988443,100.0
http://www.example.org/football/Saheed_Olagunju,http://www.wikidata.org/entity/Q130215707,100.0
http://www.example.org/football/Mateus_Mané,http://www.wikidata.org/entity/Q134444138,100.0
http://www.example.org/football/Tom_Edozie,http://www.wikidata.org/entity/Q138510273,100.0
http://www.example.org/football/André,http://www.wikidata.org/entity/Q5571,38.1
http://www.example.org/football/Jackson_Tchatchoua,http://www.wikidata.org/entity/Q107782171,100.0
http://www.example.org/football/David_Wolfe,http://www.wikidata.org/entity/Q5230552,88.0
http://www.example.org/football/Sam_Johnstone,http://www.wikidata.org/entity/Q327227,100.0
http://www.example.org/football/Yerson_Mosquera,http://www.wikidata.org/entity/Q104834787,57.14
http://www.example.org/football/José_Sá,http://www.wikidata.org/entity/Q37060,60.0
http://www.example.org/football/João_Gomes,http://www.wikidata.org/entity/Q768531,100.0
http://www.example.org/football/Pedro_Lima,http://www.wikidata.org/entity/Q4353874,100.0
http://www.example.org/football/Manchester_United_FC,http://www.wikidata.org/entity/Q18656,95.24
http://www.example.org/football/Matthijs_de_Ligt,http://www.wikidata.org/entity/Q26259982,100.0
http://www.example.org/football/Tom_Heaton,http://www.wikidata.org/entity/Q357912,100.0
http://www.example.org/football/Bryan_Mbeumo,http://www.wikidata.org/entity/Q49561427,100.0
http://www.example.org/football/Godwill_Kukonki,http://www.wikidata.org/entity/Q131395534,100.0
http://www.example.org/football/Altay_Bayındır,http://www.wikidata.org/entity/Q57415806,100.0
http://www.example.org/football/Tyrell_Malacia,http://www.wikidata.org/entity/Q44845374,100.0
http://www.example.org/football/Ayden_Heaven,http://www.wikidata.org/entity/Q130319703,100.0
http://www.example.org/football/Amad_Diallo,http://www.wikidata.org/entity/Q72603655,100.0
http://www.example.org/football/Mason_Mount,http://www.wikidata.org/entity/Q38000669,100.0
http://www.example.org/football/Casemiro,http://www.wikidata.org/entity/Q616664,100.0
http://www.example.org/football/Joshua_Zirkzee,http://www.wikidata.org/entity/Q65675442,100.0
http://www.example.org/football/Benjamin_Šeško,http://www.wikidata.org/entity/Q65950315,100.0
http://www.example.org/football/Bruno_Fernandes,http://www.wikidata.org/entity/Q4979316,100.0
http://www.example.org/football/Kobbie_Mainoo,http://www.wikidata.org/entity/Q114703020,100.0
http://www.example.org/football/Manuel_Ugarte,http://www.wikidata.org/entity/Q27960175,100.0
http://www.example.org/football/Lisandro_Martínez,http://www.wikidata.org/entity/Q30881092,100.0
http://www.example.org/football/Harry_Maguire,http://www.wikidata.org/entity/Q165772,100.0
http://www.example.org/football/Luke_Shaw,http://www.wikidata.org/entity/Q93563,100.0
http://www.example.org/football/Diogo_Dalot,http://www.wikidata.org/entity/Q26255506,100.0
http://www.example.org/football/Matheus_Cunha,http://www.wikidata.org/entity/Q35831063,100.0
http://www.example.org/football/Noussair_Mazraoui,http://www.wikidata.org/entity/Q26266244,100.0
http://www.example.org/football/Leny_Yoro,http://www.wikidata.org/entity/Q112039295,100.0
http://www.example.org/football/Tyler_Fletcher,http://www.wikidata.org/entity/Q137384640,100.0
http://www.example.org/football/Bendito_Mantato,http://www.wikidata.org/entity/Q131385100,100.0
http://www.example.org/football/Jack_Fletcher,http://www.wikidata.org/entity/Q6112529,100.0
http://www.example.org/football/Chido_Obi-Martin,http://www.wikidata.org/entity/Q123485961,72.0
http://www.example.org/football/Diego_León,http://www.wikidata.org/entity/Q783334,54.55
http://www.example.org/football/Shea_Lacey,http://www.wikidata.org/entity/Q117207006,100.0
http://www.example.org/football/Jack_Moorhouse,http://www.wikidata.org/entity/Q132454703,100.0
http://www.example.org/football/Senne_Lammens,http://www.wikidata.org/entity/Q98100512,100.0
http://www.example.org/football/Tyler_Fredricson,http://www.wikidata.org/entity/Q132454617,100.0
http://www.example.org/football/Patrick_Dorgu,http://www.wikidata.org/entity/Q121903982,100.0
http://www.example.org/football/West_Ham_United_FC,http://www.wikidata.org/entity/Q18747,94.74
http://www.example.org/football/Jean-Clair_Todibo,http://www.wikidata.org/entity/Q56223972,100.0
http://www.example.org/football/Jarrod_Bowen,http://www.wikidata.org/entity/Q26704890,100.0
http://www.example.org/football/Tomáš_Souček,http://www.wikidata.org/entity/Q20860081,100.0
http://www.example.org/football/Łukasz_Fabiański,http://www.wikidata.org/entity/Q40596,100.0
http://www.example.org/football/Keiber_Lamadrid,http://www.wikidata.org/entity/Q137830306,100.0
http://www.example.org/football/Alphonse_Aréola,http://www.wikidata.org/entity/Q2839693,93.33
http://www.example.org/football/Axel_Disasi,http://www.wikidata.org/entity/Q23887767,100.0
http://www.example.org/football/Konstantinos_Mavropanos,http://www.wikidata.org/entity/Q47015833,100.0
http://www.example.org/football/Aaron_Wan-Bissaka,http://www.wikidata.org/entity/Q50137347,100.0
http://www.example.org/football/Adama_Traoré,http://www.wikidata.org/entity/Q15221199,100.0
http://www.example.org/football/Ezra_Mayers,http://www.wikidata.org/entity/Q137272443,100.0
http://www.example.org/football/Pablo_Felipe,http://www.wikidata.org/entity/Q2466605,34.04
http://www.example.org/football/Max_Kilman,http://www.wikidata.org/entity/Q5909044,100.0
http://www.example.org/football/Mads_Hermansen,http://www.wikidata.org/entity/Q65229910,100.0
http://www.example.org/football/Airidas_Golambeckis,http://www.wikidata.org/entity/Q137381672,100.0
http://www.example.org/football/Freddie_Potts,http://www.wikidata.org/entity/Q110026553,100.0
http://www.example.org/football/Soungoutou_Magassa,http://www.wikidata.org/entity/Q110390851,100.0
http://www.example.org/football/Mohamadou_Kante,http://www.wikidata.org/entity/Q134269338,93.33
http://www.example.org/football/Crysencio_Summerville,http://www.wikidata.org/entity/Q60664537,100.0
http://www.example.org/football/Mateus_Fernandes,http://www.wikidata.org/entity/Q6786671,100.0
http://www.example.org/football/Oliver_Scarles,http://www.wikidata.org/entity/Q115043822,100.0
http://www.example.org/football/Callum_Wilson,http://www.wikidata.org/entity/Q5022996,100.0
http://www.example.org/football/Valentín_Castellanos,http://www.wikidata.org/entity/Q9092356,100.0
http://www.example.org/football/Lewis_Orford,http://www.wikidata.org/entity/Q19665225,100.0
http://www.example.org/football/El_Hadji_Diouf,http://www.wikidata.org/entity/Q988610,100.0
http://www.example.org/football/Kyle_Walker-Peters,http://www.wikidata.org/entity/Q30128591,100.0
http://www.example.org/football/Chelsea_FC,http://www.wikidata.org/entity/Q9616,90.91
http://www.example.org/football/Cole_Palmer,http://www.wikidata.org/entity/Q99760796,100.0
http://www.example.org/football/Moisés_Caicedo,http://www.wikidata.org/entity/Q87715532,100.0
http://www.example.org/football/Josh_Acheampong,http://www.wikidata.org/entity/Q123411792,100.0
http://www.example.org/football/Alejandro_Garnacho,http://www.wikidata.org/entity/Q111366053,100.0
http://www.example.org/football/Tosin_Adarabioyo,http://www.wikidata.org/entity/Q21620666,100.0
http://www.example.org/football/Romeo_Lavia,http://www.wikidata.org/entity/Q108649714,90.91
http://www.example.org/football/Robert_Sánchez,http://www.wikidata.org/entity/Q56043276,100.0
http://www.example.org/football/Filip_Jörgensen,http://www.wikidata.org/entity/Q108776426,100.0
http://www.example.org/football/Mykhailo_Mudryk,http://www.wikidata.org/entity/Q58494476,100.0
http://www.example.org/football/Pedro_Neto,http://www.wikidata.org/entity/Q30036972,100.0
http://www.example.org/football/Levi_Colwill,http://www.wikidata.org/entity/Q107766903,100.0
http://www.example.org/football/Benoît_Badiashile,http://www.wikidata.org/entity/Q57704058,100.0
http://www.example.org/football/Malo_Gusto,http://www.wikidata.org/entity/Q78752401,100.0
http://www.example.org/football/Enzo_Fernández,http://www.wikidata.org/entity/Q96105248,100.0
http://www.example.org/football/Reece_James,http://www.wikidata.org/entity/Q39076401,100.0
http://www.example.org/football/Wesley_Fofana,http://www.wikidata.org/entity/Q65029821,100.0
http://www.example.org/football/Liam_Delap,http://www.wikidata.org/entity/Q99584177,100.0
http://www.example.org/football/Trevoh_Chalobah,http://www.wikidata.org/entity/Q36696865,100.0
http://www.example.org/football/Andrey_Santos,http://www.wikidata.org/entity/Q9614023,83.87
http://www.example.org/football/Estevao,http://www.wikidata.org/entity/Q2320176,40.0
http://www.example.org/football/Ryan_Kavuma-McQueen,http://www.wikidata.org/entity/Q136678018,100.0
http://www.example.org/football/Jamie_Bynoe-Gittens,http://www.wikidata.org/entity/Q111627959,81.25
http://www.example.org/football/Shumaira_Mheuka,http://www.wikidata.org/entity/Q114907868,76.92
http://www.example.org/football/Cucurella,http://www.wikidata.org/entity/Q22082505,78.26
http://www.example.org/football/Charlie_Holland,http://www.wikidata.org/entity/Q100804556,100.0
http://www.example.org/football/Jorrel_Hato,http://www.wikidata.org/entity/Q115059438,100.0
http://www.example.org/football/Reggie_Walsh,http://www.wikidata.org/entity/Q133443961,100.0
http://www.example.org/football/João_Pedro,http://www.wikidata.org/entity/Q192565,72.73
http://www.example.org/football/Max_Merrick,http://www.wikidata.org/entity/Q132128998,100.0
http://www.example.org/football/Landon_Emenalo,http://www.wikidata.org/entity/Q132129020,100.0
http://www.example.org/football/Teddy_Sharman-Lowe,http://www.wikidata.org/entity/Q98970365,100.0
http://www.example.org/football/Jesse_Derry,http://www.wikidata.org/entity/Q137370106,100.0
http://www.example.org/football/Marc_Guiu,http://www.wikidata.org/entity/Q118472572,81.82
http://www.example.org/football/Dario_Essugo,http://www.wikidata.org/entity/Q106091717,91.67
http://www.example.org/football/Gabriel_Slonina,http://www.wikidata.org/entity/Q86218147,100.0
http://www.example.org/football/Mamadou_Sarr,http://www.wikidata.org/entity/Q38258299,100.0
http://www.example.org/football/Ollie_Harrison,http://www.wikidata.org/entity/Q132129011,100.0
http://www.example.org/football/Brighton_&_Hove_Albion_FC,http://www.wikidata.org/entity/Q19453,96.15
http://www.example.org/football/Maxim_De_Cuyper,http://www.wikidata.org/entity/Q85928265,100.0
http://www.example.org/football/Yankubah_Minteh,http://www.wikidata.org/entity/Q115399505,96.55
http://www.example.org/football/Jason_Steele,http://www.wikidata.org/entity/Q509809,100.0
http://www.example.org/football/Ferdi_Kadıoğlu,http://www.wikidata.org/entity/Q26719541,100.0
http://www.example.org/football/Kaoru_Mitoma,http://www.wikidata.org/entity/Q44395063,100.0
http://www.example.org/football/Georginio_Rutter,http://www.wikidata.org/entity/Q74051767,100.0
http://www.example.org/football/Lewis_Dunk,http://www.wikidata.org/entity/Q6536506,100.0
http://www.example.org/football/Matt_O'Riley,http://www.wikidata.org/entity/Q35829599,100.0
http://www.example.org/football/Solly_March,http://www.wikidata.org/entity/Q16236325,100.0
http://www.example.org/football/Pascal_Groß,http://www.wikidata.org/entity/Q509489,100.0
http://www.example.org/football/Mats_Wieffer,http://www.wikidata.org/entity/Q58767078,100.0
http://www.example.org/football/Diego_Gómez,http://www.wikidata.org/entity/Q115978703,100.0
http://www.example.org/football/James_Milner,http://www.wikidata.org/entity/Q191136,100.0
http://www.example.org/football/Bart_Verbruggen,http://www.wikidata.org/entity/Q98682558,100.0
http://www.example.org/football/Adam_Webster,http://www.wikidata.org/entity/Q4679961,100.0
http://www.example.org/football/Joël_Veltman,http://www.wikidata.org/entity/Q129077,100.0
http://www.example.org/football/Danny_Welbeck,http://www.wikidata.org/entity/Q188457,100.0
http://www.example.org/football/Carlos_Baleba,http://www.wikidata.org/entity/Q113472432,100.0
http://www.example.org/football/Charalampos_Kostoulas,http://www.wikidata.org/entity/Q117360254,100.0
http://www.example.org/football/Harry_Howell,http://www.wikidata.org/entity/Q356291,100.0
http://www.example.org/football/Nehemiah_Oriola,http://www.wikidata.org/entity/Q137189904,100.0
http://www.example.org/football/Charlie_Tasker,http://www.wikidata.org/entity/Q136032454,100.0
http://www.example.org/football/Jack_Hinshelwood,http://www.wikidata.org/entity/Q118791841,100.0
http://www.example.org/football/Olivier_Boscagli,http://www.wikidata.org/entity/Q19968607,100.0
http://www.example.org/football/Thomas_McGill,http://www.wikidata.org/entity/Q67922381,100.0
http://www.example.org/football/Igor,http://www.wikidata.org/entity/Q7314,42.11
http://www.example.org/football/Nils_Ramming,http://www.wikidata.org/entity/Q132461218,100.0
http://www.example.org/football/Jan_Paul_van_Hecke,http://www.wikidata.org/entity/Q66828825,100.0
http://www.example.org/football/Stefanos_Tzimas,http://www.wikidata.org/entity/Q115973968,100.0
http://www.example.org/football/Freddie_Simmonds,http://www.wikidata.org/entity/Q137372560,100.0
http://www.example.org/football/Yasin_Ayari,http://www.wikidata.org/entity/Q103979811,100.0
http://www.example.org/football/Manchester_City_FC,http://www.wikidata.org/entity/Q50602,94.74
http://www.example.org/football/Gianluigi_Donnarumma,http://www.wikidata.org/entity/Q20830808,100.0
http://www.example.org/football/Nathan_Aké,http://www.wikidata.org/entity/Q1755683,100.0
http://www.example.org/football/Joško_Gvardiol,http://www.wikidata.org/entity/Q73400656,100.0
http://www.example.org/football/Omar_Marmoush,http://www.wikidata.org/entity/Q28065104,100.0
http://www.example.org/football/Mateo_Kovačić,http://www.wikidata.org/entity/Q701297,100.0
http://www.example.org/football/Phil_Foden,http://www.wikidata.org/entity/Q30729096,100.0
http://www.example.org/football/Rodri,http://www.wikidata.org/entity/Q20994118,100.0
http://www.example.org/football/Rayan_Cherki,http://www.wikidata.org/entity/Q64736321,100.0
http://www.example.org/football/Nico_O'Reilly,http://www.wikidata.org/entity/Q118645253,100.0
http://www.example.org/football/Tijjani_Reijnders,http://www.wikidata.org/entity/Q39500352,100.0
http://www.example.org/football/John_Stones,http://www.wikidata.org/entity/Q2025900,100.0
http://www.example.org/football/Matheus_Nunes,http://www.wikidata.org/entity/Q96211488,100.0
http://www.example.org/football/Max_Alleyne,http://www.wikidata.org/entity/Q123789134,100.0
http://www.example.org/football/Abdukodir_Khusanov,http://www.wikidata.org/entity/Q111479885,100.0
http://www.example.org/football/Rúben_Dias,http://www.wikidata.org/entity/Q21621168,100.0
http://www.example.org/football/Marc_Guéhi,http://www.wikidata.org/entity/Q44737396,100.0
http://www.example.org/football/Bernardo_Silva,http://www.wikidata.org/entity/Q15521306,100.0
http://www.example.org/football/Rico_Lewis,http://www.wikidata.org/entity/Q113509374,100.0
http://www.example.org/football/Erling_Haaland,http://www.wikidata.org/entity/Q28967995,100.0
http://www.example.org/football/Marcus_Bettinelli,http://www.wikidata.org/entity/Q16200385,100.0
http://www.example.org/football/Antoine_Semenyo,http://www.wikidata.org/entity/Q52990659,100.0
http://www.example.org/football/Jeremy_Doku,http://www.wikidata.org/entity/Q59209505,81.82
http://www.example.org/football/Tyrone_Samba,http://www.wikidata.org/entity/Q137836766,100.0
http://www.example.org/football/Charlie_Gray,http://www.wikidata.org/entity/Q5084939,100.0
http://www.example.org/football/Ryan_McAidoo,http://www.wikidata.org/entity/Q136668030,100.0
http://www.example.org/football/Sverre_Nypan,http://www.wikidata.org/entity/Q115106256,100.0
http://www.example.org/football/James_Trafford,http://www.wikidata.org/entity/Q107985608,68.97
http://www.example.org/football/Rayan_Aït_Nouri,http://www.wikidata.org/entity/Q50825738,100.0
http://www.example.org/football/Sávio,http://www.wikidata.org/entity/Q302,23.53
http://www.example.org/football/Kaden_Braithwaite,http://www.wikidata.org/entity/Q130360009,100.0
http://www.example.org/football/Nico_Gonzalez,http://www.wikidata.org/entity/Q16232315,54.55
http://www.example.org/football/Reigan_Heskey,http://www.wikidata.org/entity/Q127375659,100.0
http://www.example.org/football/Kian_Noble,http://www.wikidata.org/entity/Q137374928,100.0
http://www.example.org/football/AFC_Bournemouth,http://www.wikidata.org/entity/Q19568,100.0
http://www.example.org/football/Fraser_Forster,http://www.wikidata.org/entity/Q348813,100.0
http://www.example.org/football/Enes_Ünal,http://www.wikidata.org/entity/Q14637461,100.0
http://www.example.org/football/Julio_Soler,http://www.wikidata.org/entity/Q121142176,100.0
http://www.example.org/football/Tyler_Adams,http://www.wikidata.org/entity/Q19871581,100.0
http://www.example.org/football/Adrien_Truffert,http://www.wikidata.org/entity/Q98198106,100.0
http://www.example.org/football/Ben_Doak,http://www.wikidata.org/entity/Q110739094,100.0
http://www.example.org/football/Adam_Smith,http://www.wikidata.org/entity/Q59065,100.0
http://www.example.org/football/David_Brooks,http://www.wikidata.org/entity/Q27909737,100.0
http://www.example.org/football/Lewis_Cook,http://www.wikidata.org/entity/Q17496370,100.0
http://www.example.org/football/Marcus_Tavernier,http://www.wikidata.org/entity/Q37996874,100.0
http://www.example.org/football/Álex_Jiménez,http://www.wikidata.org/entity/Q104937918,100.0
http://www.example.org/football/Evanilson,http://www.wikidata.org/entity/Q720606,43.24
http://www.example.org/football/Christos_Mandas,http://www.wikidata.org/entity/Q20995470,86.67
http://www.example.org/football/Veljko_Milosavljević,http://www.wikidata.org/entity/Q123150301,100.0
http://www.example.org/football/Justin_Kluivert,http://www.wikidata.org/entity/Q26934107,100.0
http://www.example.org/football/Matai_Akinmboni,http://www.wikidata.org/entity/Q111711024,100.0
http://www.example.org/football/Remy_Rees-Dottin,http://www.wikidata.org/entity/Q131740039,100.0
http://www.example.org/football/Amine_Adli,http://www.wikidata.org/entity/Q66586702,100.0
http://www.example.org/football/Alex_Scott,http://www.wikidata.org/entity/Q434354,100.0
http://www.example.org/football/James_Hill,http://www.wikidata.org/entity/Q130799,66.67
http://www.example.org/football/Eli_Kroupi,http://www.wikidata.org/entity/Q3587684,90.0
http://www.example.org/football/Ryan_Christie,http://www.wikidata.org/entity/Q925611,100.0
http://www.example.org/football/Bafodé_Diakité,http://www.wikidata.org/entity/Q59528545,100.0
http://www.example.org/football/Malcom_Dacosta,http://www.wikidata.org/entity/Q132661246,100.0
http://www.example.org/football/Đorđe_Petrović,http://www.wikidata.org/entity/Q315172,43.48
http://www.example.org/football/Rayan,http://www.wikidata.org/entity/Q3319653,100.0
http://www.example.org/football/Marcos_Senesi,http://www.wikidata.org/entity/Q23413053,100.0
http://www.example.org/football/Alex_Toth,http://www.wikidata.org/entity/Q1364628,100.0
http://www.example.org/football/Aston_Villa_FC,http://www.wikidata.org/entity/Q18711,93.33
http://www.example.org/football/Morgan_Rogers,http://www.wikidata.org/entity/Q61598452,100.0
http://www.example.org/football/Jadon_Sancho,http://www.wikidata.org/entity/Q30148558,100.0
http://www.example.org/football/Emiliano_Martínez,http://www.wikidata.org/entity/Q3275904,100.0
http://www.example.org/football/Matty_Cash,http://www.wikidata.org/entity/Q23041943,100.0
http://www.example.org/football/Lucas_Digne,http://www.wikidata.org/entity/Q72648,100.0
http://www.example.org/football/John_McGinn,http://www.wikidata.org/entity/Q10547335,100.0
http://www.example.org/football/Pau_Torres,http://www.wikidata.org/entity/Q43384100,100.0
http://www.example.org/football/Ian_Maatsen,http://www.wikidata.org/entity/Q69495231,100.0
http://www.example.org/football/Tammy_Abraham,http://www.wikidata.org/entity/Q24050378,100.0
http://www.example.org/football/Ollie_Watkins,http://www.wikidata.org/entity/Q16911979,100.0
http://www.example.org/football/Ezri_Konsa,http://www.wikidata.org/entity/Q27063854,100.0
http://www.example.org/football/Tyrone_Mings,http://www.wikidata.org/entity/Q16235643,100.0
http://www.example.org/football/Lamare_Bogarde,http://www.wikidata.org/entity/Q104737263,100.0
http://www.example.org/football/Youri_Tielemans,http://www.wikidata.org/entity/Q14327453,100.0
http://www.example.org/football/Amadou_Onana,http://www.wikidata.org/entity/Q99328435,100.0
http://www.example.org/football/Ross_Barkley,http://www.wikidata.org/entity/Q326240,100.0
http://www.example.org/football/George_Hemmings,http://www.wikidata.org/entity/Q137570377,100.0
http://www.example.org/football/Andrés_Garcia,http://www.wikidata.org/entity/Q524187,92.31
http://www.example.org/football/James_Wright,http://www.wikidata.org/entity/Q1634250,100.0
http://www.example.org/football/Boubacar_Kamara,http://www.wikidata.org/entity/Q29962926,100.0
http://www.example.org/football/Leon_Bailey,http://www.wikidata.org/entity/Q20890178,100.0
http://www.example.org/football/Emiliano_Buendía,http://www.wikidata.org/entity/Q18637343,100.0
http://www.example.org/football/Marco_Bizot,http://www.wikidata.org/entity/Q218937,100.0
http://www.example.org/football/Mohamed_Koné,http://www.wikidata.org/entity/Q444557,100.0
http://www.example.org/football/Victor_Nilsson-Lindelöf,http://www.wikidata.org/entity/Q4125587,78.95
http://www.example.org/football/Douglas_Luiz,http://www.wikidata.org/entity/Q28363823,100.0
http://www.example.org/football/Harvey_Elliott,http://www.wikidata.org/entity/Q15502993,61.54
http://www.example.org/football/Alysson,http://www.wikidata.org/entity/Q2604338,63.64
http://www.example.org/football/Bradley_Burrowes,http://www.wikidata.org/entity/Q136032460,100.0
http://www.example.org/football/Tottenham_Hotspur_FC,http://www.wikidata.org/entity/Q18741,95.24
http://www.example.org/football/James_Maddison,http://www.wikidata.org/entity/Q17517177,100.0
http://www.example.org/football/Mathys_Tel,http://www.wikidata.org/entity/Q108106700,100.0
http://www.example.org/football/Archie_Gray,http://www.wikidata.org/entity/Q114826394,100.0
http://www.example.org/football/João_Palhinha,http://www.wikidata.org/entity/Q16236952,100.0
http://www.example.org/football/Wilson_Odobert,http://www.wikidata.org/entity/Q113464781,100.0
http://www.example.org/football/Xavi_Simons,http://www.wikidata.org/entity/Q65925174,100.0
http://www.example.org/football/Yves_Bissouma,http://www.wikidata.org/entity/Q22683033,100.0
http://www.example.org/football/Destiny_Udogie,http://www.wikidata.org/entity/Q73825355,100.0
http://www.example.org/football/Dejan_Kulusevski,http://www.wikidata.org/entity/Q59914139,100.0
http://www.example.org/football/Ben_Davies,http://www.wikidata.org/entity/Q93555,100.0
http://www.example.org/football/Dominic_Solanke,http://www.wikidata.org/entity/Q18336397,100.0
http://www.example.org/football/Pedro_Porro,http://www.wikidata.org/entity/Q44080929,91.67
http://www.example.org/football/Lucas_Bergvall,http://www.wikidata.org/entity/Q115371638,100.0
http://www.example.org/football/Mohammed_Kudus,http://www.wikidata.org/entity/Q56877051,100.0
http://www.example.org/football/Conor_Gallagher,http://www.wikidata.org/entity/Q44737408,100.0
http://www.example.org/football/Richarlison,http://www.wikidata.org/entity/Q20806743,100.0
http://www.example.org/football/Antonín_Kinský,http://www.wikidata.org/entity/Q124647398,100.0
http://www.example.org/football/Guglielmo_Vicario,http://www.wikidata.org/entity/Q44083681,100.0
http://www.example.org/football/Randal_Kolo_Muani,http://www.wikidata.org/entity/Q59655998,100.0
http://www.example.org/football/Radu_Drăgușin,http://www.wikidata.org/entity/Q86835512,100.0
http://www.example.org/football/Mickey_van_de_Ven,http://www.wikidata.org/entity/Q69812902,96.97
http://www.example.org/football/Djed_Spence,http://www.wikidata.org/entity/Q56222532,100.0
http://www.example.org/football/Rodrigo_Bentancur,http://www.wikidata.org/entity/Q18817134,100.0
http://www.example.org/football/Christian_Romero,http://www.wikidata.org/entity/Q28058687,96.77
http://www.example.org/football/Jun'ai_Byfield,http://www.wikidata.org/entity/Q136677630,100.0
http://www.example.org/football/Tynan_Thompson,http://www.wikidata.org/entity/Q137343216,100.0
http://www.example.org/football/Brandon_Austin,http://www.wikidata.org/entity/Q100722663,100.0
http://www.example.org/football/James_Wilson,http://www.wikidata.org/entity/Q94765,100.0
http://www.example.org/football/Luca_Williams-Barnett,http://www.wikidata.org/entity/Q133455007,100.0
http://www.example.org/football/Malachi_Hardy,http://www.wikidata.org/entity/Q131861649,100.0
http://www.example.org/football/Kevin_Danso,http://www.wikidata.org/entity/Q28868192,100.0
http://www.example.org/football/Pape_Sarr,http://www.wikidata.org/entity/Q2735068,100.0
http://www.example.org/football/Souza,http://www.wikidata.org/entity/Q601373,35.71
http://www.example.org/football/Callum_Olusesi,http://www.wikidata.org/entity/Q131573499,100.0
http://www.example.org/football/James_Rowswell,http://www.wikidata.org/entity/Q138681810,100.0
http://www.example.org/football/Nottingham_Forest_FC,http://www.wikidata.org/entity/Q19490,95.24
http://www.example.org/football/Elliot_Anderson,http://www.wikidata.org/entity/Q104762954,100.0
http://www.example.org/football/Taiwo_Awoniyi,http://www.wikidata.org/entity/Q20932574,100.0
http://www.example.org/football/Matz_Sels,http://www.wikidata.org/entity/Q6792066,100.0
http://www.example.org/football/Morgan_Gibbs-White,http://www.wikidata.org/entity/Q28147578,100.0
http://www.example.org/football/Neco_Williams,http://www.wikidata.org/entity/Q72921909,100.0
http://www.example.org/football/Nikola_Milenković,http://www.wikidata.org/entity/Q23887939,100.0
http://www.example.org/football/Callum_Hudson-Odoi,http://www.wikidata.org/entity/Q42396622,100.0
http://www.example.org/football/Igor_Jesus,http://www.wikidata.org/entity/Q65030995,100.0
http://www.example.org/football/Ola_Aina,http://www.wikidata.org/entity/Q20730338,100.0
http://www.example.org/football/Chris_Wood,http://www.wikidata.org/entity/Q726234,95.24
http://www.example.org/football/Luca_Netz,http://www.wikidata.org/entity/Q96678379,100.0
http://www.example.org/football/Ibrahim_Sangaré,http://www.wikidata.org/entity/Q27832634,100.0
http://www.example.org/football/James_McAtee,http://www.wikidata.org/entity/Q104665997,96.3
http://www.example.org/football/Dan_Ndoye,http://www.wikidata.org/entity/Q61439485,100.0
http://www.example.org/football/Lorenzo_Lucca,http://www.wikidata.org/entity/Q105620383,100.0
http://www.example.org/football/Nicolás_Domínguez,http://www.wikidata.org/entity/Q29419531,100.0
http://www.example.org/football/Eric_da_Silva_Moreira,http://www.wikidata.org/entity/Q118611497,100.0
http://www.example.org/football/Aaron_Bott,http://www.wikidata.org/entity/Q16526046,80.0
http://www.example.org/football/Morato,http://www.wikidata.org/entity/Q466926,70.59
http://www.example.org/football/Murillo,http://www.wikidata.org/entity/Q192062,43.75
http://www.example.org/football/Willy_Boly,http://www.wikidata.org/entity/Q570983,100.0
http://www.example.org/football/Jair_Paula,http://www.wikidata.org/entity/Q123383036,60.0
http://www.example.org/football/Stefan_Ortega_Moreno,http://www.wikidata.org/entity/Q821646,78.79
http://www.example.org/football/John,http://www.wikidata.org/entity/Q892,30.0
http://www.example.org/football/Angus_Gunn,http://www.wikidata.org/entity/Q20807705,100.0
http://www.example.org/football/Nicolò_Savona,http://www.wikidata.org/entity/Q115751484,100.0
http://www.example.org/football/Omari_Hutchinson,http://www.wikidata.org/entity/Q111145131,100.0
http://www.example.org/football/Ryan_Yates,http://www.wikidata.org/entity/Q28794002,100.0
http://www.example.org/football/Jimmy_Sinclair,http://www.wikidata.org/entity/Q3525063,100.0
http://www.example.org/football/Zach_Abbott,http://www.wikidata.org/entity/Q113586764,100.0
http://www.example.org/football/Dilane_Bakwa,http://www.wikidata.org/entity/Q99672568,100.0
http://www.example.org/football/Brentford_FC,http://www.wikidata.org/entity/Q19571,92.31
http://www.example.org/football/Yegor_Yarmolyuk,http://www.wikidata.org/entity/Q97630957,93.33
http://www.example.org/football/Jordan_Henderson,http://www.wikidata.org/entity/Q273715,100.0
http://www.example.org/football/Rico_Henry,http://www.wikidata.org/entity/Q18637460,100.0
http://www.example.org/football/Mathias_Jensen,http://www.wikidata.org/entity/Q21264946,100.0
http://www.example.org/football/Josh_Dasilva,http://www.wikidata.org/entity/Q36696872,100.0
http://www.example.org/football/Caoimhin_Kelleher,http://www.wikidata.org/entity/Q64627435,94.12
http://www.example.org/football/Keane_Lewis-Potter,http://www.wikidata.org/entity/Q62269289,100.0
http://www.example.org/football/Vitaly_Janelt,http://www.wikidata.org/entity/Q26212017,100.0
http://www.example.org/football/Kristoffer_Ajer,http://www.wikidata.org/entity/Q18157457,100.0
http://www.example.org/football/Nathan_Collins,http://www.wikidata.org/entity/Q63067287,100.0
http://www.example.org/football/Kaye_Furo,http://www.wikidata.org/entity/Q121602801,100.0
http://www.example.org/football/Thiago_Rodrigues,http://www.wikidata.org/entity/Q2431031,96.77
http://www.example.org/football/Hákon_Rafn_Valdimarsson,http://www.wikidata.org/entity/Q107863326,87.8
http://www.example.org/football/Aaron_Hickey,http://www.wikidata.org/entity/Q64010525,100.0
http://www.example.org/football/Dango_Ouattara,http://www.wikidata.org/entity/Q108000402,100.0
http://www.example.org/football/Mikkel_Damsgaard,http://www.wikidata.org/entity/Q45034698,100.0
http://www.example.org/football/Antoni_Milambo,http://www.wikidata.org/entity/Q108067127,100.0
http://www.example.org/football/Conor_McManus,http://www.wikidata.org/entity/Q16732375,100.0
http://www.example.org/football/Michael_Kayode,http://www.wikidata.org/entity/Q120668096,100.0
http://www.example.org/football/Reiss_Nelson,http://www.wikidata.org/entity/Q35039261,100.0
http://www.example.org/football/Romelle_Donovan,http://www.wikidata.org/entity/Q123187366,100.0
http://www.example.org/football/Fabio_Carvalho,http://www.wikidata.org/entity/Q3091351,50.0
http://www.example.org/football/Sepp_van_den_Berg,http://www.wikidata.org/entity/Q50398907,100.0
http://www.example.org/football/Luka_Bentt,http://www.wikidata.org/entity/Q138321537,100.0
http://www.example.org/football/Julian_Eyestone,http://www.wikidata.org/entity/Q133188139,100.0
http://www.example.org/football/Ellery_Balcombe,http://www.wikidata.org/entity/Q104761621,100.0
http://www.example.org/football/Ethan_Pinnock,http://www.wikidata.org/entity/Q36999329,100.0
http://www.example.org/football/Kevin_Schade,http://www.wikidata.org/entity/Q103845834,100.0
http://www.example.org/football/Arsenal_FC,http://www.wikidata.org/entity/Q9617,90.91
http://www.example.org/football/Bukayo_Saka,http://www.wikidata.org/entity/Q59306386,100.0
http://www.example.org/football/Martín_Zubimendi,http://www.wikidata.org/entity/Q63384759,100.0
http://www.example.org/football/David_Raya,http://www.wikidata.org/entity/Q19665907,100.0
http://www.example.org/football/Riccardo_Calafiori,http://www.wikidata.org/entity/Q97999586,100.0
http://www.example.org/football/Jack_Porter,http://www.wikidata.org/entity/Q130407434,100.0
http://www.example.org/football/Jurrien_Timber,http://www.wikidata.org/entity/Q53952196,92.86
http://www.example.org/football/Kepa_Arrizabalaga,http://www.wikidata.org/entity/Q3195361,100.0
http://www.example.org/football/Martin_Ødegaard,http://www.wikidata.org/entity/Q16902219,100.0
http://www.example.org/football/Ben_White,http://www.wikidata.org/entity/Q27839155,100.0
http://www.example.org/football/Eberechi_Eze,http://www.wikidata.org/entity/Q28445512,100.0
http://www.example.org/football/Cristhian_Mosquera,http://www.wikidata.org/entity/Q110458872,100.0
http://www.example.org/football/Viktor_Gyökeres,http://www.wikidata.org/entity/Q47075606,100.0
http://www.example.org/football/William_Saliba,http://www.wikidata.org/entity/Q56868118,100.0
http://www.example.org/football/Leandro_Trossard,http://www.wikidata.org/entity/Q6509762,100.0
http://www.example.org/football/Piero_Hincapié,http://www.wikidata.org/entity/Q101053044,100.0
http://www.example.org/football/Kai_Havertz,http://www.wikidata.org/entity/Q27310755,100.0
http://www.example.org/football/Max_Dowman,http://www.wikidata.org/entity/Q130442747,100.0
http://www.example.org/football/Declan_Rice,http://www.wikidata.org/entity/Q30007142,100.0
http://www.example.org/football/Gabriel_Jesus,http://www.wikidata.org/entity/Q19708656,100.0
http://www.example.org/football/Mikel_Merino,http://www.wikidata.org/entity/Q17612631,100.0
http://www.example.org/football/Christian_Nørgaard,http://www.wikidata.org/entity/Q5109980,100.0
http://www.example.org/football/Jaden_Dixon,http://www.wikidata.org/entity/Q129033718,100.0
http://www.example.org/football/Brando_Bailey-Joseph,http://www.wikidata.org/entity/Q137921069,100.0
http://www.example.org/football/Tommy_Setford,http://www.wikidata.org/entity/Q123512560,100.0
http://www.example.org/football/Martinelli,http://www.wikidata.org/entity/Q944986,68.97
http://www.example.org/football/Josh_Nichols,http://www.wikidata.org/entity/Q56065112,92.31
http://www.example.org/football/Andre_Harriman-Annous,http://www.wikidata.org/entity/Q136672473,100.0
http://www.example.org/football/Ceadach_O’Neill,http://www.wikidata.org/entity/Q127703410,93.75
http://www.example.org/football/Gabriel,http://www.wikidata.org/entity/Q5878,48.28
http://www.example.org/football/Marli_Salmon,http://www.wikidata.org/entity/Q135615356,100.0
http://www.example.org/football/Myles_Lewis-Skelly,http://www.wikidata.org/entity/Q118571844,100.0
http://www.example.org/football/Noni_Madueke,http://www.wikidata.org/entity/Q66801705,100.0
http://www.example.org/football/Russia,http://www.wikidata.org/entity/Q159,100.0
http://www.example.org/football/Guinea-Bissau,http://www.wikidata.org/entity/Q1007,100.0
http://www.example.org/football/Scotland,http://www.wikidata.org/entity/Q22,100.0
http://www.example.org/football/Paraguay,http://www.wikidata.org/entity/Q733,100.0
http://www.example.org/football/Georgia,http://www.wikidata.org/entity/Q1428,100.0
http://www.example.org/football/Pep_Guardiola,http://www.wikidata.org/entity/Q164038,100.0
http://www.example.org/football/Romania,http://www.wikidata.org/entity/Q218,100.0
http://www.example.org/football/Rob_Edwards,http://www.wikidata.org/entity/Q2067092,100.0
http://www.example.org/football/Igor_Tudor,http://www.wikidata.org/entity/Q276544,100.0
http://www.example.org/football/Poland,http://www.wikidata.org/entity/Q36,100.0
http://www.example.org/football/Serbia,http://www.wikidata.org/entity/Q403,100.0
http://www.example.org/football/Defensive_Midfield,http://www.wikidata.org/entity/Q18691898,94.74
http://www.example.org/football/Italy,http://www.wikidata.org/entity/Q38,100.0
http://www.example.org/football/Left-Back,http://www.wikidata.org/entity/Q90173132,66.67
http://www.example.org/football/Eddie_Howe,http://www.wikidata.org/entity/Q5336135,100.0
http://www.example.org/football/Wales,http://www.wikidata.org/entity/Q25,100.0
http://www.example.org/football/Brazil,http://www.wikidata.org/entity/Q155,100.0
http://www.example.org/football/New_Zealand,http://www.wikidata.org/entity/Q664,100.0
http://www.example.org/football/Senegal,http://www.wikidata.org/entity/Q1041,100.0
http://www.example.org/football/Egypt,http://www.wikidata.org/entity/Q79,100.0
http://www.example.org/football/Austria,http://www.wikidata.org/entity/Q40,100.0
http://www.example.org/football/Right-Back,http://www.wikidata.org/entity/Q90173132,52.63
http://www.example.org/football/Gambia,http://www.wikidata.org/entity/Q1005,75.0
http://www.example.org/football/Ireland,http://www.wikidata.org/entity/Q27,100.0
http://www.example.org/football/Regis_Le_Bris,http://www.wikidata.org/entity/Q3455749,92.31
http://www.example.org/football/Nuno_Espírito_Santo,http://www.wikidata.org/entity/Q372372,100.0
http://www.example.org/football/Fabian_Hürzeler,http://www.wikidata.org/entity/Q115819313,100.0
http://www.example.org/football/Greece,http://www.wikidata.org/entity/Q41,100.0
http://www.example.org/football/Turkey,http://www.wikidata.org/entity/Q43,100.0
http://www.example.org/football/Jamaica,http://www.wikidata.org/entity/Q766,100.0
http://www.example.org/football/France,http://www.wikidata.org/entity/Q142,100.0
http://www.example.org/football/Sweden,http://www.wikidata.org/entity/Q34,100.0
http://www.example.org/football/Nigeria,http://www.wikidata.org/entity/Q1033,100.0
http://www.example.org/football/Defence,http://www.wikidata.org/entity/Q1340921,42.42
http://www.example.org/football/null,http://www.wikidata.org/entity/Q861529,44.44
http://www.example.org/football/Attacking_Midfield,http://www.wikidata.org/entity/Q90326494,94.74
http://www.example.org/football/Haiti,http://www.wikidata.org/entity/Q790,100.0
http://www.example.org/football/Left_Midfield,http://www.wikidata.org/entity/Q114358125,92.86
http://www.example.org/football/Mexico,http://www.wikidata.org/entity/Q96,100.0
http://www.example.org/football/Keith_Andrews,http://www.wikidata.org/entity/Q27906360,100.0
http://www.example.org/football/Algeria,http://www.wikidata.org/entity/Q262,100.0
http://www.example.org/football/Michael_Carrick,http://www.wikidata.org/entity/Q29566,100.0
http://www.example.org/football/Switzerland,http://www.wikidata.org/entity/Q39,100.0
http://www.example.org/football/Cameroon,http://www.wikidata.org/entity/Q1009,100.0
http://www.example.org/football/Armenia,http://www.wikidata.org/entity/Q399,100.0
http://www.example.org/football/Uruguay,http://www.wikidata.org/entity/Q77,100.0
http://www.example.org/football/Iceland,http://www.wikidata.org/entity/Q189,100.0
http://www.example.org/football/Albania,http://www.wikidata.org/entity/Q222,100.0
http://www.example.org/football/Left_Winger,http://www.wikidata.org/entity/Q66115689,90.0
http://www.example.org/football/DR_Congo,http://www.wikidata.org/entity/Q974,40.0
http://www.example.org/football/Unai_Emery,http://www.wikidata.org/entity/Q295610,100.0
http://www.example.org/football/Central_Midfield,http://www.wikidata.org/entity/Q6008848,94.12
http://www.example.org/football/Liam_Rosenior,http://www.wikidata.org/entity/Q1336865,100.0
http://www.example.org/football/Burkina_Faso,http://www.wikidata.org/entity/Q965,100.0
http://www.example.org/football/Ukraine,http://www.wikidata.org/entity/Q212,100.0
http://www.example.org/football/USA,http://www.wikidata.org/entity/Q30,37.5
http://www.example.org/football/Ivory_Coast,http://www.wikidata.org/entity/Q1008,100.0
http://www.example.org/football/David_Moyes,http://www.wikidata.org/entity/Q297252,100.0
http://www.example.org/football/South_Korea,http://www.wikidata.org/entity/Q884,100.0
http://www.example.org/football/Arne_Slot,http://www.wikidata.org/entity/Q1029223,100.0
http://www.example.org/football/Croatia,http://www.wikidata.org/entity/Q224,100.0
http://www.example.org/football/Ghana,http://www.wikidata.org/entity/Q117,100.0
http://www.example.org/football/Vítor_Pereira,http://www.wikidata.org/entity/Q556610,100.0
http://www.example.org/football/Denmark,http://www.wikidata.org/entity/Q35,100.0
http://www.example.org/football/Netherlands,http://www.wikidata.org/entity/Q55,100.0
http://www.example.org/football/Bulgaria,http://www.wikidata.org/entity/Q219,100.0
http://www.example.org/football/Hungary,http://www.wikidata.org/entity/Q28,100.0
http://www.example.org/football/Goalkeeper,http://www.wikidata.org/entity/Q201330,100.0
http://www.example.org/football/Daniel_Farke,http://www.wikidata.org/entity/Q30015253,100.0
http://www.example.org/football/Morocco,http://www.wikidata.org/entity/Q1028,100.0
http://www.example.org/football/Czech_Republic,http://www.wikidata.org/entity/Q213,100.0
http://www.example.org/football/Scott_Parker,http://www.wikidata.org/entity/Q213989,100.0
http://www.example.org/football/Oliver_Glasner,http://www.wikidata.org/entity/Q874777,100.0
http://www.example.org/football/Midfield,http://www.wikidata.org/entity/Q193592,88.89
http://www.example.org/football/Ecuador,http://www.wikidata.org/entity/Q736,100.0
http://www.example.org/football/England,http://www.wikidata.org/entity/Q21,100.0
http://www.example.org/football/Slovakia,http://www.wikidata.org/entity/Q214,100.0
http://www.example.org/football/Marco_Silva,http://www.wikidata.org/entity/Q104591294,100.0
http://www.example.org/football/Mikel_Arteta,http://www.wikidata.org/entity/Q185572,100.0
http://www.example.org/football/Mozambique,http://www.wikidata.org/entity/Q1029,100.0
http://www.example.org/football/Latvia,http://www.wikidata.org/entity/Q211,100.0
http://www.example.org/football/Germany,http://www.wikidata.org/entity/Q183,100.0
http://www.example.org/football/Right_Winger,http://www.wikidata.org/entity/Q66115692,90.91
http://www.example.org/football/Centre-Forward,http://www.wikidata.org/entity/Q9731197,100.0
http://www.example.org/football/Mali,http://www.wikidata.org/entity/Q912,100.0
http://www.example.org/football/Belgium,http://www.wikidata.org/entity/Q31,100.0
http://www.example.org/football/Uzbekistan,http://www.wikidata.org/entity/Q265,100.0
http://www.example.org/football/Northern_Ireland,http://www.wikidata.org/entity/Q26,100.0
http://www.example.org/football/Slovenia,http://www.wikidata.org/entity/Q215,100.0
http://www.example.org/football/Spain,http://www.wikidata.org/entity/Q29,100.0
http://www.example.org/football/Lithuania,http://www.wikidata.org/entity/Q37,100.0
http://www.example.org/football/Iraola,http://www.wikidata.org/entity/Q37484000,100.0
http://www.example.org/football/Venezuela,http://www.wikidata.org/entity/Q717,100.0
http://www.example.org/football/Tunisia,http://www.wikidata.org/entity/Q948,100.0
http://www.example.org/football/Centre-Back,http://www.wikidata.org/entity/Q268258,100.0
http://www.example.org/football/Right_Midfield,http://www.wikidata.org/entity/Q114358123,93.33
http://www.example.org/football/Japan,http://www.wikidata.org/entity/Q17,100.0
http://www.example.org/football/South_Africa,http://www.wikidata.org/entity/Q258,100.0
http://www.example.org/football/Trinidad_&_Tobago,http://www.wikidata.org/entity/Q754,88.89
http://www.example.org/football/Colombia,http://www.wikidata.org/entity/Q739,100.0
http://www.example.org/football/Norway,http://www.wikidata.org/entity/Q20,100.0
http://www.example.org/football/Argentina,http://www.wikidata.org/entity/Q414,100.0
http://www.example.org/football/Offence,http://www.wikidata.org/entity/Q83267,16.67
http://www.example.org/football/Portugal,http://www.wikidata.org/entity/Q45,100.0
